Number of Occupants,Day of Week,Energy Consumption,Average Temperature,Appliances Used
28,Weekday,3513.31,25.4,21
75,Weekday,5589.71,28.17,21
85,Weekend,4058.25,11.31,29
55,Weekday,4813.61,23.86,45
24,Weekday,2478.55,24.28,2
21,Weekday,5063.9,28.63,33
35,Weekday,3246.71,24.93,4
70,Weekday,3241.57,24.76,3
4,Weekend,3103.65,12.19,1
51,Weekday,6047.23,30.75,35
43,Weekday,3519.59,28.28,4
49,Weekend,5061.5,30.18,12
82,Weekend,5329.29,30.7,35
25,Weekend,4785.27,15.11,37
32,Weekday,4518.12,11.26,42
35,Weekend,3064.11,23.3,1
52,Weekend,4245.53,26.35,4
55,Weekend,5272.15,18.34,29
37,Weekend,4101.24,14.3,17
90,Weekend,5474.72,33.51,44
9,Weekday,2443.16,12.1,22
52,Weekend,3177.82,27.67,1
82,Weekday,5973.63,23.44,20
19,Weekend,3900.33,12.28,27
58,Weekend,5432.11,32.79,45
2,Weekday,3744.59,30.66,49
39,Weekend,5342.17,33.57,41
88,Weekday,4576.47,19.54,44
60,Weekday,5862.82,18.31,42
28,Weekday,2665.72,28.11,22
61,Weekend,4934.94,34.63,41
25,Weekday,2733.45,21.34,26
61,Weekday,2475.76,33.75,11
76,Weekend,2921.01,23.05,9
75,Weekday,4682.41,10.17,24
93,Weekend,3965.05,25.21,4
92,Weekend,5526.83,21.01,14
1,Weekday,4417.34,20.26,27
37,Weekend,4504.03,25.09,7
3,Weekend,3916.46,10.74,47
44,Weekday,3457.17,16.79,24
34,Weekend,4674.31,18.11,35
18,Weekday,2622.38,34.47,26
66,Weekday,5634.35,12.96,47
34,Weekend,2755.75,19.68,30
22,Weekend,2608.53,24.88,45
25,Weekend,2841.31,26.63,8
85,Weekday,6493.48,12.92,45
36,Weekend,3279.51,22.53,37
84,Weekday,5214.85,32.04,3
36,Weekend,5008.0,25.7,19
13,Weekend,3028.56,12.11,45
24,Weekday,3208.61,32.87,22
26,Weekday,4516.31,15.85,49
60,Weekday,4531.32,28.82,9
90,Weekend,3773.61,17.05,49
92,Weekend,4015.07,33.62,8
14,Weekday,3437.53,22.23,37
74,Weekend,4687.39,29.06,48
66,Weekday,5744.99,16.72,45
3,Weekend,2924.87,28.49,1
91,Weekday,3932.59,25.79,14
97,Weekend,4173.1,14.15,12
36,Weekend,3384.58,20.37,17
19,Weekend,3665.55,29.9,17
39,Weekend,2683.73,16.24,6
27,Weekend,3097.98,12.39,28
84,Weekend,4796.83,20.48,6
11,Weekday,1683.95,29.34,2
21,Weekday,3976.81,25.14,28
49,Weekday,3818.71,16.35,26
98,Weekday,5711.22,11.14,17
17,Weekday,3157.54,29.31,6
11,Weekday,3196.17,19.96,29
15,Weekday,3926.61,14.78,36
5,Weekday,4659.4,29.6,20
88,Weekend,4158.47,17.36,26
50,Weekday,3761.75,26.35,46
97,Weekday,4070.21,17.35,34
84,Weekend,3511.71,25.93,41
92,Weekday,4640.78,27.03,8
32,Weekend,3750.37,20.35,16
42,Weekday,3951.62,15.63,27
72,Weekday,4640.37,16.73,28
45,Weekday,4658.38,33.47,25
48,Weekend,3683.59,33.17,7
8,Weekday,5063.09,20.38,49
5,Weekday,2205.2,20.96,26
83,Weekend,4300.28,31.85,29
63,Weekday,4854.04,10.2,45
89,Weekday,4522.1,27.28,8
75,Weekday,4230.09,12.97,41
36,Weekend,2788.49,19.89,13
12,Weekday,4969.79,11.1,34
17,Weekday,4891.8,29.5,49
40,Weekend,3010.22,14.57,4
4,Weekday,2727.89,22.82,20
21,Weekday,2497.72,15.0,24
21,Weekday,4207.14,31.59,35
80,Weekday,4149.49,15.5,10
60,Weekend,3958.7,29.42,47
7,Weekday,5327.65,10.05,41
87,Weekday,5866.63,30.03,42
10,Weekend,3598.99,20.89,13
21,Weekday,3459.59,12.37,39
44,Weekday,3787.26,22.34,19
33,Weekend,3299.75,10.16,28
21,Weekday,4233.24,23.73,16
54,Weekday,4979.87,17.78,27
52,Weekend,5415.31,20.78,11
93,Weekend,4288.58,16.33,49
63,Weekday,4692.24,33.23,47
55,Weekday,4232.44,32.48,30
3,Weekend,5083.26,25.95,18
70,Weekday,4616.89,11.89,20
54,Weekend,3891.12,13.56,47
99,Weekend,6217.3,21.27,36
74,Weekend,4878.26,11.39,29
35,Weekend,4753.3,20.76,38
33,Weekday,4712.33,30.12,41
80,Weekend,4566.41,24.3,8
83,Weekend,4348.86,17.14,17
73,Weekday,5576.14,34.62,23
23,Weekend,5050.37,21.63,49
66,Weekday,3900.25,28.67,37
79,Weekday,5054.19,22.39,45
37,Weekend,3304.91,23.25,11
46,Weekday,5798.61,19.34,41
8,Weekend,5245.78,34.4,22
18,Weekend,5422.98,27.13,38
52,Weekend,2883.63,29.55,11
85,Weekday,3437.74,24.61,8
43,Weekend,3859.59,20.96,34
34,Weekend,4085.95,19.28,35
78,Weekend,5868.84,15.51,22
96,Weekend,4620.93,32.11,32
54,Weekday,3838.73,10.49,40
99,Weekday,5841.65,13.08,44
74,Weekend,3679.96,12.58,12
83,Weekday,2656.26,23.67,13
86,Weekend,3529.25,27.88,19
82,Weekend,5177.22,17.62,26
4,Weekday,2696.49,22.51,34
89,Weekend,4923.27,22.15,10
21,Weekday,3115.68,27.75,40
60,Weekday,4649.88,15.42,22
20,Weekday,3835.0,12.33,46
64,Weekday,3932.56,30.65,17
34,Weekday,4944.4,11.92,11
26,Weekday,4460.84,29.63,1
38,Weekday,5074.24,16.0,31
33,Weekday,2288.52,17.03,17
12,Weekend,4890.31,13.25,14
50,Weekday,2744.38,10.33,5
51,Weekday,2684.98,11.96,27
86,Weekend,4901.86,18.88,31
43,Weekday,5359.38,14.5,25
32,Weekday,2342.32,27.57,1
71,Weekend,4318.61,11.3,14
65,Weekend,3688.46,34.67,5
60,Weekend,4710.15,34.51,27
35,Weekend,3566.01,15.39,14
82,Weekend,4149.86,13.2,46
6,Weekday,4999.76,17.4,33
50,Weekend,4414.12,25.81,40
26,Weekday,4773.54,21.64,35
35,Weekday,4854.25,32.11,40
25,Weekday,3815.61,15.3,31
6,Weekday,4205.07,17.8,26
24,Weekday,4520.19,17.95,16
81,Weekday,2514.4,33.21,2
10,Weekend,4307.72,15.14,22
30,Weekend,3653.25,18.62,11
44,Weekday,3350.09,18.87,18
15,Weekend,3097.45,28.75,39
15,Weekend,2868.84,10.25,34
21,Weekday,3496.82,13.77,8
90,Weekday,4524.49,23.91,26
66,Weekday,3344.42,29.74,1
15,Weekday,2445.25,33.38,1
92,Weekend,5879.25,25.8,35
78,Weekend,2499.0,28.31,10
19,Weekend,4475.56,10.29,25
23,Weekend,4860.8,25.48,44
35,Weekday,2914.3,21.39,16
93,Weekday,3901.38,32.87,3
48,Weekend,5043.32,21.62,40
38,Weekend,3965.87,28.33,13
13,Weekend,3884.07,26.11,45
92,Weekend,3797.14,13.26,41
99,Weekday,5746.4,17.6,41
82,Weekend,5925.39,17.47,22
92,Weekend,5329.97,23.58,43
45,Weekday,4172.54,20.29,20
7,Weekend,3435.21,31.06,36
40,Weekday,5571.47,11.52,16
30,Weekend,4683.04,20.36,32
3,Weekday,2724.82,28.85,12
49,Weekday,4676.25,22.92,49
32,Weekend,4468.13,26.06,14
82,Weekend,5048.34,14.12,22
72,Weekday,5867.13,20.95,47
34,Weekday,3715.45,23.29,45
86,Weekend,6146.35,18.9,23
20,Weekend,5691.84,26.45,37
68,Weekday,4922.36,33.33,4
70,Weekend,3437.1,22.83,46
26,Weekend,6028.93,28.64,48
21,Weekday,3708.08,31.57,37
72,Weekend,3388.25,15.1,27
23,Weekend,4677.23,33.56,26
45,Weekday,2260.82,34.26,12
75,Weekday,5209.3,23.3,15
91,Weekday,2619.36,25.03,8
33,Weekday,2968.2,25.24,20
45,Weekday,3127.07,28.96,28
55,Weekday,5101.01,14.99,45
10,Weekday,3778.19,21.96,19
94,Weekend,4278.0,20.37,25
8,Weekend,4258.49,27.52,25
61,Weekday,2614.4,30.51,26
79,Weekday,5076.4,34.31,30
24,Weekend,4314.56,29.31,21
89,Weekend,4318.82,28.98,14
63,Weekend,3699.87,34.74,8
70,Weekend,4873.0,15.27,36
65,Weekend,3555.64,22.5,27
67,Weekend,4504.67,21.08,9
65,Weekday,5227.37,24.63,33
83,Weekend,6530.6,11.05,45
22,Weekday,4562.64,15.34,26
63,Weekend,3791.16,18.75,13
14,Weekend,3870.32,26.61,23
17,Weekend,2631.16,33.72,42
89,Weekend,4892.22,32.76,31
97,Weekday,4724.76,15.79,46
26,Weekday,3279.17,11.92,18
92,Weekend,5781.83,32.82,7
71,Weekend,5195.15,30.41,40
93,Weekday,4263.39,26.83,37
56,Weekend,4087.05,12.86,49
3,Weekday,4376.22,22.96,36
36,Weekday,4908.05,22.91,45
98,Weekday,4558.07,20.5,23
62,Weekday,5101.13,18.51,45
49,Weekday,3514.09,18.44,13
80,Weekday,4217.88,22.83,49
64,Weekday,5600.03,11.73,15
21,Weekend,3724.42,17.38,28
12,Weekday,4298.92,18.68,12
98,Weekday,6383.5,24.87,30
9,Weekday,3542.19,29.07,13
70,Weekday,3350.06,19.04,41
75,Weekend,4213.66,17.0,45
11,Weekend,3602.33,18.42,26
12,Weekday,5260.26,22.81,46
95,Weekday,4366.0,17.83,9
9,Weekday,3833.81,26.94,45
85,Weekend,4015.46,29.36,21
46,Weekend,4611.73,20.46,12
25,Weekend,3601.83,24.55,43
21,Weekday,2779.25,22.54,25
45,Weekend,6228.54,15.8,45
12,Weekday,3002.83,29.52,27
35,Weekend,4524.71,29.66,38
79,Weekday,4354.25,13.9,28
4,Weekday,2406.04,31.41,38
1,Weekday,2721.67,17.83,21
71,Weekend,5051.07,29.61,40
46,Weekday,3796.71,13.13,41
85,Weekday,5948.34,14.35,9
26,Weekday,2364.9,33.73,19
44,Weekend,4023.35,11.38,14
68,Weekend,2850.05,14.07,29
94,Weekday,5272.05,27.86,34
38,Weekday,5393.95,20.22,35
13,Weekday,3441.55,24.92,19
90,Weekend,3375.62,11.14,49
99,Weekday,4211.82,19.66,41
18,Weekday,3507.49,31.43,37
85,Weekend,4494.99,32.39,27
68,Weekday,4488.84,30.71,20
8,Weekend,2605.98,32.12,18
82,Weekday,5017.45,17.25,39
1,Weekday,4500.16,19.77,21
57,Weekend,4722.68,17.34,47
78,Weekday,5247.04,27.14,47
83,Weekday,4750.37,32.92,40
29,Weekend,3837.78,23.73,33
5,Weekday,4155.74,32.29,30
16,Weekday,4876.08,23.97,20
61,Weekend,4370.89,33.38,47
60,Weekday,3372.2,34.94,27
50,Weekend,4193.77,18.54,29
64,Weekend,3811.73,23.14,42
7,Weekday,3952.58,18.49,12
5,Weekend,5472.2,29.42,41
47,Weekday,5669.86,25.14,45
23,Weekday,4997.78,25.76,29
72,Weekday,3658.93,14.08,4
46,Weekend,3945.47,28.41,21
20,Weekend,2667.44,32.04,18
16,Weekend,4315.75,31.63,41
39,Weekend,4408.36,26.93,45
20,Weekend,3985.45,31.23,30
77,Weekend,3937.59,24.09,26
15,Weekend,4741.16,16.79,34
64,Weekend,4468.57,15.46,29
38,Weekday,3240.14,23.33,24
85,Weekday,5147.4,19.9,22
85,Weekend,5249.84,23.93,31
41,Weekend,3891.86,26.37,18
88,Weekend,3768.3,22.27,41
4,Weekday,2745.7,23.99,43
55,Weekday,5018.25,23.7,37
31,Weekday,5518.13,20.24,37
95,Weekday,4628.8,33.51,10
51,Weekday,3019.12,13.32,7
30,Weekend,4678.75,25.49,32
88,Weekday,5335.23,11.53,33
44,Weekend,5042.08,11.91,19
30,Weekday,2532.88,10.51,18
87,Weekend,5542.74,34.18,22
26,Weekend,4302.81,29.05,26
59,Weekday,3927.94,32.21,33
46,Weekend,3953.1,13.74,46
94,Weekend,5568.44,16.96,38
92,Weekend,5473.98,27.39,49
19,Weekend,4443.15,24.33,37
26,Weekend,4687.67,16.24,32
25,Weekend,3403.93,25.8,47
21,Weekday,3593.42,28.71,15
19,Weekend,3947.61,23.89,27
66,Weekend,2556.63,20.77,1
10,Weekend,4363.9,19.06,11
83,Weekday,6041.7,26.67,31
8,Weekday,4548.56,12.44,48
5,Weekday,4730.23,13.18,47
41,Weekday,4023.41,13.43,13
41,Weekday,5822.52,31.89,36
31,Weekday,2998.57,33.79,15
24,Weekend,4073.01,15.79,42
70,Weekend,5343.05,13.05,35
13,Weekend,2284.33,21.04,18
58,Weekday,5185.54,28.79,38
7,Weekday,3396.51,15.67,32
32,Weekend,2867.44,12.3,49
86,Weekday,4209.18,15.79,32
54,Weekday,3558.78,19.05,6
58,Weekday,4227.17,19.1,6
72,Weekend,3689.04,14.25,24
63,Weekday,5754.96,29.54,12
74,Weekday,5228.01,31.83,5
71,Weekday,3757.72,11.22,22
59,Weekend,3710.69,12.89,3
60,Weekday,5168.99,17.31,27
7,Weekend,4032.83,14.73,34
43,Weekend,2330.09,31.12,17
91,Weekend,5607.7,29.54,23
36,Weekend,3249.36,14.81,6
31,Weekend,3487.69,11.19,15
86,Weekend,5446.83,30.86,44
43,Weekday,4018.77,26.86,21
90,Weekend,4798.68,13.13,14
66,Weekday,4363.89,23.56,19
70,Weekend,5390.61,20.78,17
75,Weekend,3733.52,16.83,23
21,Weekday,4634.34,15.18,17
34,Weekday,5023.85,16.6,17
46,Weekday,3651.6,18.4,10
21,Weekend,3371.6,21.56,9
46,Weekday,4399.73,28.51,29
70,Weekend,3933.39,21.58,12
39,Weekday,3101.02,30.67,32
17,Weekend,3146.62,31.5,2
25,Weekend,4214.3,15.38,49
42,Weekday,3419.13,28.84,36
96,Weekend,5080.4,29.12,27
75,Weekday,3804.34,33.81,24
45,Weekend,4950.15,20.91,46
59,Weekend,3419.14,21.37,13
10,Weekday,4449.66,29.67,35
54,Weekend,5143.54,32.58,47
73,Weekend,4763.57,15.37,40
26,Weekend,2862.17,18.34,12
88,Weekday,5147.21,32.18,20
15,Weekday,3845.57,13.98,33
84,Weekend,5454.74,14.96,45
55,Weekend,4349.61,29.27,15
24,Weekend,4329.5,23.97,14
4,Weekday,4339.55,11.07,21
63,Weekend,6188.4,32.14,37
15,Weekend,4852.28,15.33,28
70,Weekend,2807.29,34.79,8
65,Weekday,2786.93,28.73,5
32,Weekend,3201.55,15.25,2
9,Weekend,3484.46,19.52,3
95,Weekend,5034.91,23.87,45
1,Weekday,4958.57,32.46,8
20,Weekday,2966.16,13.16,33
49,Weekday,3522.9,20.74,9
78,Weekend,4003.79,10.33,36
27,Weekend,2602.69,17.65,13
62,Weekend,3141.67,18.76,21
2,Weekday,2621.96,18.69,24
69,Weekday,4099.62,12.68,41
97,Weekday,4374.59,34.58,45
55,Weekday,5338.19,22.99,1
94,Weekday,4616.56,28.28,14
66,Weekend,3106.77,14.36,4
89,Weekend,5980.98,26.33,37
83,Weekend,3377.38,29.5,20
78,Weekday,5041.34,19.33,33
57,Weekday,3631.54,16.94,7
64,Weekend,4481.81,14.73,47
16,Weekend,2564.94,30.84,9
30,Weekend,2482.94,29.99,2
33,Weekend,4310.2,21.22,41
60,Weekend,2948.69,24.71,46
47,Weekend,4831.96,25.41,13
24,Weekday,5580.25,24.99,32
22,Weekday,3448.03,25.42,32
37,Weekday,3928.35,33.06,38
72,Weekend,5789.16,10.71,40
89,Weekend,4496.55,13.9,43
10,Weekend,4252.4,26.04,43
66,Weekend,5338.17,15.58,46
25,Weekend,3728.69,27.82,30
95,Weekday,3621.32,29.74,8
97,Weekday,3580.93,29.66,15
22,Weekend,3867.72,25.98,34
14,Weekend,3432.74,12.59,40
28,Weekend,4934.8,23.64,34
51,Weekend,3850.11,29.12,46
12,Weekday,2752.62,33.13,3
4,Weekend,2020.15,30.62,14
61,Weekend,3697.77,12.65,49
86,Weekday,4874.53,15.01,10
86,Weekend,4277.54,22.06,49
23,Weekend,4549.59,30.0,23
13,Weekday,5750.07,16.46,45
28,Weekend,2728.63,17.72,30
71,Weekend,4957.36,28.08,27
70,Weekday,4922.82,10.4,47
63,Weekend,3621.53,24.99,6
36,Weekend,4977.79,25.43,45
49,Weekday,3985.8,25.27,12
50,Weekday,4808.64,11.13,35
16,Weekday,4304.63,28.7,38
32,Weekday,5097.96,12.86,43
2,Weekday,4805.22,23.03,39
58,Weekday,3534.74,26.56,19
69,Weekday,4776.54,11.85,29
5,Weekday,4132.91,19.77,34
7,Weekday,3490.41,13.91,37
16,Weekday,3249.48,28.69,19
16,Weekend,3125.85,29.13,25
34,Weekday,3362.42,24.62,44
32,Weekend,4956.67,30.26,38
44,Weekend,4588.3,11.25,30
3,Weekend,2470.59,21.0,17
77,Weekday,4946.38,12.22,11
25,Weekday,2864.42,27.42,11
95,Weekday,4351.81,16.24,32
16,Weekday,4688.65,32.34,44
3,Weekday,3424.66,32.11,3
15,Weekday,3855.63,11.29,11
78,Weekday,3168.71,33.5,4
36,Weekend,5390.35,29.67,28
24,Weekday,3601.86,28.34,34
11,Weekend,2769.99,21.49,4
16,Weekday,4056.28,27.82,41
7,Weekend,3390.53,27.65,7
67,Weekend,5003.05,21.48,24
65,Weekday,4772.8,27.67,29
52,Weekend,3736.5,18.39,5
86,Weekend,2797.21,20.59,14
87,Weekday,4242.17,19.67,36
74,Weekend,4518.97,30.45,30
91,Weekday,5660.75,32.83,29
80,Weekend,5040.46,20.69,41
39,Weekday,3508.32,16.16,18
68,Weekday,3897.02,31.82,36
23,Weekday,4616.98,28.56,43
47,Weekday,4360.36,17.29,12
40,Weekend,5382.43,23.38,48
63,Weekday,3100.51,17.94,35
13,Weekend,3066.15,12.69,9
47,Weekend,4859.08,27.7,21
3,Weekday,4526.12,13.09,13
98,Weekday,5809.3,33.1,43
2,Weekend,4126.84,30.43,33
35,Weekday,3647.48,33.18,20
86,Weekend,4446.22,24.53,24
26,Weekday,4075.67,10.52,9
36,Weekend,4563.58,13.93,2
60,Weekday,4116.32,28.24,18
1,Weekday,2883.5,24.76,18
21,Weekend,2521.63,29.51,9
57,Weekday,4184.21,21.27,39
81,Weekday,3776.21,13.6,48
55,Weekend,6130.17,25.1,48
85,Weekday,4612.22,28.85,19
31,Weekday,3798.62,25.59,11
47,Weekend,5028.58,33.37,29
96,Weekend,3463.09,30.73,28
77,Weekday,4290.61,32.58,3
68,Weekday,3540.91,25.69,13
60,Weekday,4787.86,18.44,13
43,Weekday,4306.74,31.26,14
85,Weekday,3872.54,11.64,45
55,Weekend,3930.14,26.95,16
15,Weekday,2996.99,21.32,34
72,Weekend,3202.5,26.98,18
19,Weekday,3549.48,28.29,35
22,Weekend,3498.27,25.81,30
17,Weekend,5134.71,34.03,35
20,Weekday,3297.91,27.42,35
82,Weekend,4090.65,32.62,13
68,Weekend,2599.86,33.63,3
88,Weekend,5563.48,10.79,46
87,Weekday,4802.21,15.2,34
49,Weekday,5590.7,24.36,44
44,Weekday,2276.7,21.22,9
97,Weekend,5672.37,23.99,20
37,Weekday,4601.21,33.14,49
60,Weekend,3909.07,28.7,9
22,Weekday,3256.52,25.08,20
58,Weekend,3407.54,17.56,17
19,Weekend,3619.74,22.89,36
60,Weekday,3903.29,31.53,48
64,Weekday,4157.81,13.45,45
68,Weekend,4355.96,29.35,35
99,Weekend,5481.27,31.79,38
62,Weekday,4114.45,19.48,34
69,Weekday,4947.78,29.33,25
82,Weekday,4030.72,20.36,29
2,Weekend,3093.71,23.52,33
32,Weekend,4592.9,28.7,32
46,Weekend,4534.07,27.09,31
38,Weekday,2735.63,22.75,9
46,Weekday,3372.41,21.1,3
69,Weekday,3114.61,12.36,16
59,Weekday,4498.07,23.69,25
7,Weekday,4243.36,28.05,34
5,Weekend,5340.39,15.27,39
70,Weekday,3888.89,27.56,44
12,Weekday,4454.51,10.73,44
58,Weekday,5646.19,26.4,21
85,Weekend,3428.02,22.85,4
5,Weekday,2870.44,20.65,19
25,Weekday,4534.85,19.14,22
23,Weekend,4310.82,19.8,35
6,Weekday,2961.76,15.55,35
15,Weekend,2500.56,11.71,13
2,Weekend,5241.89,27.43,18
44,Weekend,2906.57,34.91,39
30,Weekday,4178.36,22.66,25
2,Weekend,3580.56,24.59,49
81,Weekend,2839.18,15.38,2
14,Weekend,5212.64,14.13,39
57,Weekend,4195.75,20.07,19
18,Weekend,3305.06,15.93,9
2,Weekend,4102.94,27.49,15
84,Weekday,3599.73,31.84,14
97,Weekend,4378.55,20.52,23
93,Weekday,5100.56,20.4,30
39,Weekend,4411.53,18.67,27
5,Weekend,3195.8,33.46,36
21,Weekend,2417.11,31.54,17
60,Weekend,4895.61,22.82,45
15,Weekend,4727.81,33.67,4
38,Weekday,3234.06,19.24,24
29,Weekday,4517.48,20.88,15
47,Weekend,4945.09,17.61,1
57,Weekday,5178.97,29.65,18
55,Weekday,4988.44,15.4,45
54,Weekend,5842.72,34.66,34
98,Weekday,4748.66,12.47,5
34,Weekend,4039.93,29.2,27
42,Weekend,4103.69,30.72,44
58,Weekday,3882.94,10.34,35
62,Weekday,4983.0,30.82,38
93,Weekday,4978.71,31.37,48
21,Weekday,3314.12,26.77,8
89,Weekday,4686.28,15.01,23
3,Weekend,3578.29,11.91,6
41,Weekday,3516.18,26.97,1
3,Weekend,3238.18,32.92,11
79,Weekend,3916.99,26.73,30
52,Weekend,3395.45,28.23,39
92,Weekday,4684.16,18.96,6
42,Weekend,2924.6,25.92,23
32,Weekday,3161.9,23.55,19
2,Weekend,4034.11,11.93,47
15,Weekday,4535.64,11.5,28
12,Weekday,3057.53,27.05,19
64,Weekday,4963.62,27.67,11
47,Weekend,5437.17,33.71,12
98,Weekday,5212.46,29.74,6
1,Weekday,3729.59,26.45,13
43,Weekday,3639.76,19.34,44
90,Weekend,6084.9,27.26,34
22,Weekend,4449.57,16.32,2
14,Weekday,3675.54,18.39,38
14,Weekend,3324.61,12.8,1
58,Weekday,5164.94,29.34,48
95,Weekend,3762.71,24.24,9
24,Weekday,3991.89,24.93,34
35,Weekend,4330.61,16.24,43
52,Weekend,4881.83,10.39,26
10,Weekday,3938.82,25.87,35
30,Weekend,5185.62,22.49,39
78,Weekend,4254.59,29.41,30
16,Weekend,4169.39,19.1,45
5,Weekend,2972.61,26.29,25
79,Weekend,5037.86,10.39,49
19,Weekend,5877.19,11.26,39
99,Weekend,5709.26,34.99,38
77,Weekend,4246.55,33.56,34
75,Weekend,4172.08,33.11,24
18,Weekend,4063.62,12.93,24
45,Weekday,4622.54,29.86,23
90,Weekday,2989.05,20.83,12
31,Weekday,3973.35,32.35,41
99,Weekend,4884.18,30.78,11
80,Weekday,3513.41,11.3,4
91,Weekday,5102.49,27.6,40
77,Weekday,3392.31,25.66,37
24,Weekday,4993.7,10.38,43
23,Weekday,4136.67,23.38,28
73,Weekday,4430.49,14.95,26
96,Weekend,5147.11,20.06,37
9,Weekday,2433.47,19.56,18
17,Weekday,3609.75,11.75,11
70,Weekday,5015.61,23.91,22
82,Weekend,5262.76,21.74,30
17,Weekend,3408.98,20.72,3
14,Weekend,3809.69,18.67,36
69,Weekday,4658.27,19.94,40
31,Weekend,2086.62,15.09,13
7,Weekend,3701.68,32.44,44
8,Weekday,3384.78,19.76,1
93,Weekday,4253.4,32.04,6
69,Weekend,5794.31,15.98,43
33,Weekend,2512.1,23.74,14
6,Weekend,3751.05,21.36,29
15,Weekday,5505.97,26.78,22
28,Weekday,5438.11,23.08,38
93,Weekend,4514.09,19.04,9
99,Weekend,4367.45,23.09,6
10,Weekday,4900.84,10.68,30
86,Weekend,5107.0,18.76,33
68,Weekend,3947.63,20.88,41
86,Weekday,5633.76,16.18,28
54,Weekday,3570.31,14.77,48
48,Weekend,4930.94,14.3,20
17,Weekday,2457.6,20.5,40
12,Weekend,3547.29,32.88,10
81,Weekend,3074.25,23.68,37
52,Weekend,3655.82,31.72,19
11,Weekend,3612.86,11.06,40
19,Weekday,2554.39,33.47,7
32,Weekday,4090.2,27.22,43
18,Weekend,3078.96,16.16,21
30,Weekday,3030.38,24.72,9
29,Weekday,2904.51,21.54,7
92,Weekend,4935.7,13.61,3
16,Weekend,2580.42,10.88,11
38,Weekend,3987.84,18.72,15
30,Weekday,4116.88,27.65,3
58,Weekday,4009.27,28.94,32
77,Weekend,5151.75,22.84,20
62,Weekend,4729.67,15.16,39
58,Weekend,3984.2,32.58,47
51,Weekend,3571.76,22.81,16
98,Weekday,5682.63,10.55,24
39,Weekday,4638.97,30.88,1
55,Weekend,3518.13,10.62,2
84,Weekend,5268.16,16.19,26
21,Weekend,2685.54,17.75,8
98,Weekend,4082.56,29.52,36
84,Weekday,4172.29,27.44,15
10,Weekday,3193.51,21.71,10
50,Weekday,4643.44,33.2,34
91,Weekend,3701.39,17.79,34
36,Weekday,3798.54,19.36,28
63,Weekend,4091.56,22.54,12
95,Weekday,5020.9,16.69,49
81,Weekday,5228.59,24.47,5
35,Weekend,3565.7,16.32,40
85,Weekend,3799.24,17.39,7
86,Weekday,5744.86,12.07,46
2,Weekend,4190.25,11.36,13
60,Weekend,3844.62,15.03,5
33,Weekday,4516.02,16.2,20
89,Weekend,4371.38,23.69,6
74,Weekend,3494.52,15.66,38
47,Weekday,5025.81,25.25,7
57,Weekend,3423.63,31.4,11
58,Weekend,5332.5,13.49,35
41,Weekday,3663.21,12.19,40
39,Weekday,4910.15,13.3,39
69,Weekday,4276.15,32.54,7
68,Weekend,4261.05,21.53,14
64,Weekday,5038.34,24.21,43
3,Weekday,3554.19,27.75,37
3,Weekday,3171.27,31.36,28
67,Weekend,4682.44,21.08,38
42,Weekend,5152.04,17.82,46
95,Weekday,4779.18,31.98,1
12,Weekend,3435.18,29.68,13
92,Weekday,3631.08,25.47,32
5,Weekend,3536.81,29.59,34
16,Weekend,1915.37,26.17,10
4,Weekday,5206.34,25.38,44
16,Weekday,2875.48,16.95,36
99,Weekend,5132.23,28.5,35
72,Weekend,2660.28,20.14,23
89,Weekday,4749.64,18.3,29
29,Weekday,4104.1,33.52,14
99,Weekend,4752.66,11.55,41
83,Weekday,4114.7,10.63,31
79,Weekend,3496.97,25.83,40
85,Weekend,4104.73,28.01,21
75,Weekend,5013.75,13.13,10
70,Weekday,5565.67,10.13,34
29,Weekday,4905.84,15.49,26
72,Weekday,3816.15,33.34,10
72,Weekend,5628.95,25.75,8
48,Weekend,5126.0,22.94,20
86,Weekday,5290.06,13.96,13
2,Weekend,2451.63,20.11,22
69,Weekday,6458.51,15.67,44
28,Weekend,5367.9,15.43,45
91,Weekend,4543.67,21.16,31
74,Weekday,4026.33,27.33,8
32,Weekend,4034.64,23.67,5
67,Weekday,4798.25,30.46,23
9,Weekend,3386.72,11.08,37
16,Weekday,3927.4,34.73,21
11,Weekend,2811.68,23.83,8
62,Weekend,4092.14,16.37,21
41,Weekday,5772.35,22.6,30
50,Weekday,3525.66,29.34,46
49,Weekend,3471.43,22.35,34
22,Weekday,4537.9,11.87,18
77,Weekday,5416.01,30.67,38
60,Weekday,4988.57,26.02,19
49,Weekday,5961.49,11.94,28
5,Weekend,4374.33,10.13,1
55,Weekday,5002.91,28.11,26
21,Weekday,2365.5,33.58,10
19,Weekend,4905.91,11.34,33
56,Weekday,5513.36,34.55,41
93,Weekday,5225.35,13.31,17
65,Weekday,3707.17,13.97,11
73,Weekend,5543.64,14.86,28
53,Weekday,4189.13,11.12,29
49,Weekend,5473.33,29.52,41
36,Weekend,4370.44,12.75,8
2,Weekend,4693.8,20.62,18
61,Weekday,4506.27,24.54,1
60,Weekend,3893.95,25.63,39
9,Weekday,4391.84,21.98,22
32,Weekend,3322.79,17.67,5
22,Weekend,3496.99,19.58,37
52,Weekday,3634.65,19.62,28
29,Weekend,3765.06,29.94,21
87,Weekend,4265.97,19.31,33
20,Weekend,5390.76,33.31,37
35,Weekend,4600.3,18.63,19
50,Weekend,3510.52,23.8,23
98,Weekday,6053.68,12.3,11
76,Weekday,4637.71,29.41,41
15,Weekend,3109.29,11.8,3
34,Weekday,4726.97,24.16,29
47,Weekend,4160.27,28.79,48
73,Weekday,3495.35,20.74,7
30,Weekend,5718.21,33.84,39
22,Weekday,4812.15,31.95,7
27,Weekend,4828.19,24.14,16
32,Weekday,4642.27,11.75,34
68,Weekend,4164.5,24.59,4
25,Weekday,2842.91,19.48,36
58,Weekend,3148.79,27.49,24
